{
    "raw_ari": 0.42965081412085254,
    "raw_nmi": 0.5746514801866475,
    "raw_homogeneity": 0.590962087043073,
    "raw_completeness": 0.5592170395030054,
    "raw_v_measure": 0.5746514801866475,
    "mapped_ari": 0.5719497374650429,
    "mapped_nmi": 0.6130638105820252,
    "mapped_homogeneity": 0.5476710490330486,
    "mapped_completeness": 0.6961899570831184,
    "mapped_v_measure": 0.6130638105820252,
    "mapped_accuracy": 0.6896918172157279,
    "mapped_precision": 0.6676868141601705,
    "mapped_recall": 0.6896918172157279,
    "mapped_f1": 0.6198591466401747
}