{
    "raw_ari": -0.000926025391372966,
    "raw_nmi": 0.1309258699033782,
    "raw_homogeneity": 0.1702326683881226,
    "raw_completeness": 0.1063659296614078,
    "raw_v_measure": 0.1309258699033782,
    "mapped_ari": 0.06601469506452753,
    "mapped_nmi": 0.1551549858760522,
    "mapped_homogeneity": 0.10541807733859941,
    "mapped_completeness": 0.2937463536184633,
    "mapped_v_measure": 0.15515498587605217,
    "mapped_accuracy": 0.4437367303609342,
    "mapped_precision": 0.6717901874866478,
    "mapped_recall": 0.4437367303609342,
    "mapped_f1": 0.36511717593471554
}